"title","precio_base","tipo_moneda","ubicacion","marca","modelo","placa","kilometraje","anio","procedencia","con_garantia","categoria","tipo_subasta","empresa_proveedora"
MG MG5 -BSV248,3600.00,USD,COCHERA FG - LIMA,mg,mg5,bsv248,"53391","2020",china,,Vehículos livianos,En vivo,SANTADER CONSUMER
CHEVROLET N300 C7H877,2086.96,USD,Cajamarquilla,chevrolet,n300,c7h877,"1","2011",china,true,Vehículos livianos,En vivo,PACIFICO SEGUROS
PEUGEOT PICK UP -BVU851,11371.20,USD,COMISARÍA JOSÉ LEONARDO ORTIZ-CHICLAYO,peugeot,pick up,bvu851,"80473","2023",china,,Vehículos livianos,En vivo,SANTADER CONSUMER
JAC JS8 -M6D363,8112.00,USD,COMISARÍA PUCALÁ-CHICLAYO,jac,js8,m6d363,"41719","2023",china,,Vehículos livianos,En vivo,SANTADER CONSUMER
JETOUR X70 -T6S095,7800.00,USD,COMISARÍA SALAVERRY - TRUJILLO,jetour,x70,t6s095,"40610","2022",china,,Vehículos livianos,En vivo,SANTADER CONSUMER
MITSUBISHI MONTERO SPORT ,18000.00,USD,COMISARÍA SANTA ISABEL - LIMA,mitsubishi,montero sport,ccm636,"65784","2023",china,,Vehículos livianos,En vivo,SANTADER CONSUMER
CHERY TIGGO 2 -CCI012,5400.00,USD,UNIPIRV ICA - ICA,chery,tiggo 2,cci012,"1","2022",china,,Vehículos livianos,En vivo,SANTADER CONSUMER
KIA CARENS -CDC042,8700.00,USD,COMISARÍA CONDEVILLA SE?OR - LIMA,kia,carens,cdc042,"86400","2022",china,,Vehículos livianos,En vivo,SANTADER CONSUMER
CHEVROLET ONIX JOY -Z6V28,4200.00,USD,COMISARÍA BARBONCITO - LIMA,chevrolet,onix joy,z6v281,"78744","2021",china,,Vehículos livianos,En vivo,SANTADER CONSUMER
SUZUKI APV FURGON -BUA710,7200.00,USD,COMISARÍA GROCIO PRADO - ICA,suzuki,apv furgon,bua710,"16366","2022",china,,Vehículos livianos,En vivo,SANTADER CONSUMER
JETOUR X70 -M5V588,7800.00,USD,COMISARÍA MONTERRICO  - LIMA,jetour,x70,m5v588,"47005","2022",china,,Vehículos livianos,En vivo,SANTADER CONSUMER
CHERY ARRIZO 3 -P3R248,3900.00,USD,COMISARÍA PIEDRA LIZA - LIMA,chery,arrizo 3,p3r248,"108300","2021",china,,Vehículos livianos,En vivo,SANTADER CONSUMER
FOTON K3 ASD943,10000.00,USD,Lima,foton,k3,asd943,"140199","2016",china,,Vehículos livianos,En vivo,Cumbra
SUBARU FORESTER CJX122,24773.91,USD,TRUJILLO,subaru,forester,cjx122,"18716","2023",japon,,Vehículos livianos,Sobre cerrado,CORPORACION MAXIMUS
PICKUP TOYOTA HILUX 4x4 B,25441.17,USD,TRUJILLO,toyota,hilux,bjj897,"109656","2020",japon,,Vehículos livianos,Venta directa,CORPORACION MAXIMUS
FORD EDGE -BZT320,13800.00,USD,COMISARÍA TUPAC AMARU - LIMA,ford,edge,bzt320,"40004","2022",china,,Vehículos livianos,En vivo,SANTADER CONSUMER
AERO B3E770,7700.00,USD,Villa el Salvador,hyundai,aero city,b3e770,"1","2010",japon,,Vehículos livianos,Sobre cerrado,Acceso Crediticio
CHERY TIGGO 4 PRO -CFJ063,7920.00,USD,COMISARÍA COCHERA GALICIA-LIMA,chery,tiggo 4 pro,cfj063,"19667","2023",china,,Vehículos livianos,En vivo,SANTADER CONSUMER
PEUGEOT NEW 208 -P3W320,8400.00,USD,COCHERA GALICIA - LIMA,peugeot,new 208,p3w320,"30253","2022",china,,Vehículos livianos,En vivo,SANTADER CONSUMER
CHEVROLET ONIX -Z7C108,4200.00,USD,COMISARÍA PIEDRA LIZA - LIMA,chevrolet,onix,z7c108,"1","2022",china,,Vehículos livianos,En vivo,SANTADER CONSUMER
CHANGAN NEW SUPERVAN -T7M,6120.00,USD,COMISARÍA CASCAS-LA LIBERTAD,changan,new supervan,t7m564,"11737","2023",china,,Vehículos livianos,En vivo,SANTADER CONSUMER
BAIC X35 -CFI433,6900.00,USD,COMISARÍA COCHERA GALICIA-LIMA,baic,x35,cfi433,"14163","2023",china,,Vehículos livianos,En vivo,SANTADER CONSUMER
CHEVROLET N400 -P4D443,6720.00,USD,COMISARÍA CPNP PUEBLO NUEVO DE COLAN-PIURA,chevrolet,n400,p4d443,"183585","2023",china,,Vehículos livianos,En vivo,SANTADER CONSUMER
CHEVROLET TRACKER -Z7T432,8100.00,USD,COMISARÍA SANTA CLARA-LIMA,chevrolet,tracker,z7t432,"18692","2024",china,,Vehículos livianos,En vivo,SANTADER CONSUMER
KIA PICANTO -Y2J020,6300.00,USD,COMISARÍA HUAYLLAY-PASCO,kia,picanto,y2j020,"11084","2024",china,,Vehículos livianos,En vivo,SANTADER CONSUMER
BMW X3 20I F3U565,14444.45,USD,Lima,bmw,x3 20i,f3u565,"94485","2013",alemania,,Vehículos livianos,En vivo,Cumbra
CHERY TIGGO 7 PRO -CHR371,9120.00,USD,COMISARÍA APATA - JAUJA-HUANCAYO,chery,tiggo 7 pro,chr371,"30196","2023",china,,Vehículos livianos,En vivo,SANTADER CONSUMER
COMPACTADORA VERTICAL,9750.08,USD,SJL,,,,,,,,Maquinaria liviana,Sobre cerrado,Seche
CONTROLADOR BOMBA CONTRA INCENDIO,90859.32,PEN,LLATA - HUANUCO ,,,,,,,,Equipos Menores,Venta directa,Cosapi
RODILLO LISO,80000.00,USD,LURIN,BOMAG,BW219DH-5,,,"2018",,,Maquinaria pesada,Sobre cerrado,Stracon
SUBARU FORESTER CJX122,25324.44,USD,TRUJILLO,subaru,forester,cjx122,"18716","2023",japon,,Vehículos livianos,En vivo,CORPORACION MAXIMUS
SUBARU FORESTER CJX122,25324.44,USD,TRUJILLO,subaru,forester,cjx122,"18716","2023",japon,,Vehículos livianos,En vivo,CORPORACION MAXIMUS
RENAULT DUSTERA JP052,3913.05,USD,Cajamarquilla,renault,duster,ajp052,"1","2014",brasil,true,Vehículos livianos,En vivo,PACIFICO SEGUROS
BMW X5 B0F143,4782.60,USD,Cajamarquilla,bmw,x5,b0f143,"1","2008",alemania,true,Vehículos livianos,En vivo,PACIFICO SEGUROS
KIA  SOLUTO -VBV647,6000.00,USD,COMISARÍA ICA - ICA,kia,soluto,vbv647,"51581","2023",china,,Vehículos livianos,En vivo,SANTADER CONSUMER
FURGON  FOTON 3Tn D9R-734,8000.00,USD,Villa el salvador,foton,ollin,d9r-734,"127457","2013",china,,Vehículos pesados,En vivo,SINBA
MERCEDES BENZ ACTROS TBT8,900.00,USD,Cajamarquilla,mercedes benz,actros,tbt865,"1","2022",alemania,false,Vehículos livianos,En vivo,PACIFICO SEGUROS
TOYOTA Hilux 4X4 CD EUC25,18000.00,USD,Lima,toyota,hilux 4x4 cd,euc257,"19432","2012",japon,,Vehículos livianos,Venta directa,Cumbra
TOYOTA Hilux 4X4 CD EUC25,20000.00,USD,Lima,toyota,hilux 4x4 cd,euc257,"19432","2012",japon,,Vehículos livianos,En vivo,Cumbra
TOYOTA RUSH BKE428,5217.40,USD,cajamarquilla,toyota,rush,bke428,"1","2019",japon,true,Vehículos livianos,En vivo,PACIFICO SEGUROS
MAZDA MAZDA 3 -VAK042,10200.00,USD,COMISARÍA HUASCAR - PUNO,mazda,mazda 3,vak042,"45066","2022",china,,Vehículos livianos,En vivo,SANTADER CONSUMER
Minivan PEUGEOT BOXER,6500.00,USD,Chorrillos,peugeot,boxer,b9e- 706,"1","2014",francia,,Vehículos livianos,Venta directa,UPSJB SAC
FURGON  FOTON 3Tn D9R-734,8000.00,USD,Villa el salvador,foton,ollin,d9r-734,"127457","2013",china,,Vehículos pesados,En vivo,SINBA
VOLQUETES STTRACON,104000.00,USD,LURIN,VOLVO,FMX,AXC-906,,"2018",,,Maquinaria pesada,Dinámica,Stracon
MITSUBISHI MONTERO SPORT ,16200.00,USD,COCHERA GALICIA - LIMA,mitsubishi,montero sport,ccm636,"65784","2023",china,,Vehículos livianos,En vivo,SANTADER CONSUMER
HYUNDAI CRETA -T6L309,9000.00,USD,COMISARÍA CHAO - VIRU,hyundai,creta,t6l309,"47950","2022",china,,Vehículos livianos,En vivo,SANTADER CONSUMER
CHANGAN CS15 -P4D508,5100.00,USD,COMISARÍA TACALÁ - PIURA,changan,cs15,p4d508,"63235","2023",china,,Vehículos livianos,En vivo,SANTADER CONSUMER
FURGON  FOTON 3Tn D9R-734,8900.00,USD,Villa el salvador,foton,ollin,d9r-734,"127457","2013",china,,Vehículos pesados,En vivo,SINBA
KIA  SOLUTO -T5W378,5400.00,USD,COMISARÍA SALAVERRY  - TRUJILLO,kia,soluto,t5w378,"68072","2021",china,,Vehículos livianos,En vivo,SANTADER CONSUMER
FURGON  FOTON 3Tn D9R-734,8900.00,USD,Villa el salvador,foton,ollin,d9r-734,"127457","2013",china,,Vehículos pesados,En vivo,SINBA
GEELY GX3 -CLS127,7531.91,USD,COCHERA GALICIA - LIMA,geely,gx3,cls127,"22014","2023",china,,Vehículos livianos,En vivo,SANTADER CONSUMER
CHERY TIGGO 4 PRO -P4A345,6900.00,USD,COMISARÍA PIURA - PIURA,chery,tiggo 4 pro,p4a345,"38205","2022",china,,Vehículos livianos,En vivo,SANTADER CONSUMER
BAIC X35 -CFO679,6778.72,USD,COMISARÍA EL PEDREGAL - CAYLLOMA - AREQUIPA,baic,x35,cfo679,"32928","2023",china,,Vehículos livianos,En vivo,SANTADER CONSUMER
FORD TERRITORY -CEZ454,13200.00,USD,COCHERA GALICIA - LIMA,ford,territory,cez454,"57381","2023",china,,Vehículos livianos,En vivo,SANTADER CONSUMER
KIA SOLUTO -T6A469,4800.00,USD,COMISARÍA AYACUCHO - TRUJILLO,kia,soluto,t6a469,"96238","2021",china,,Vehículos livianos,En vivo,SANTADER CONSUMER
Rep. para contenedores Dry/RGT,11294.68,PEN,Almacén Paita,,,,,,,false,Repuestos,Sobre cerrado,DP WORLD LOGISTICS
PERFORADORA,80736.84,USD,LURIN,ATLAS COPCO,POWER ROC T35,,,"2012",,,Maquinaria pesada,Venta directa,Cumbra
NISSAN KICKS -BVU140,7800.00,USD,COMISARÍA LAS PRADERAS - LIMA,nissan,kicks,bvu140,"65984","2021",china,,Vehículos livianos,En vivo,SANTADER CONSUMER
MANLIFT,55894.74,USD,LURIN,JLG,"1250 AJP",,,"2014",,,Maquinaria pesada,Venta directa,Cumbra
NISSAN VERSA -T6E355,7200.00,USD,COMISARÍA LA NORIA - TRUJILLO,nissan,versa,t6e355,"77839","2021",china,,Vehículos livianos,En vivo,SANTADER CONSUMER
FORD TERRITORY -CRD278,14700.00,USD,COMISARÍA MOCHE-TRUJILLO,ford,territory,crd278,"4767","2025",china,,Vehículos livianos,En vivo,SANTADER CONSUMER
CHEVROLET ONIX -BNH013,4200.00,USD,COMISARÍA TACALÁ - PIURA,chevrolet,onix,bnh013,"96431","2019",china,,Vehículos livianos,En vivo,SANTADER CONSUMER
CHANGAN NEW VAN -T6R550,4500.00,USD,COMISARÍA RURAL CHAO - VIRU,changan,new van,t6r550,"42317","2022",china,,Vehículos livianos,En vivo,SANTADER CONSUMER
GEELY GX3 PRO -CLW435,6300.00,USD,COCHERA GALICIA - LIMA,geely,gx3 pro,clw435,"42345","2023",china,,Vehículos livianos,En vivo,SANTADER CONSUMER
MITSUBISHI L200 -TAQ909,9600.00,USD,COCHERA GALICIA - TRUJILLO,mitsubishi,l200,taq909,"139807","2022",china,,Vehículos livianos,En vivo,SANTADER CONSUMER
GEELY OKAVANGO -VAV152,10500.00,USD,COMISARÍA COCHERA GALICIA-AREQUIPA,geely,okavango,vav152,"30797","2023",china,,Vehículos livianos,En vivo,SANTADER CONSUMER
MAZDA MAZDA3 -AZV513,5736.00,USD,COMISARÍA LA NORIA-TRUJILLO,mazda,mazda3,azv513,"115133","2017",china,,Vehículos livianos,En vivo,SANTADER CONSUMER
RENAULT DUSTERA JP052,3913.05,USD,CAJAMARQUILLA,renault,duster,ajp052,"1","2014",brasil,true,Vehículos livianos,En vivo,PACIFICO SEGUROS
CHEVROLET ONIX JOY -T7D19,5970.00,USD,COMISARÍA FLORENCIA DE MORA-TRUJILLO,chevrolet,onix joy,t7d198,"67682","2023",china,,Vehículos livianos,En vivo,SANTADER CONSUMER
DFSK GLORY 560 -P4A418,8010.00,USD,COMISARÍA CASTILLA-PIURA,dfsk,glory 560,p4a418,"22391","2022",china,,Vehículos livianos,En vivo,SANTADER CONSUMER
SINOTRUK ZZ -BSS885,23700.00,USD,COMISARÍA MALA-LIMA,sinotruk,zz,bss885,"13990","2022",china,,Vehículos livianos,En vivo,SANTADER CONSUMER
MITSUBISHI L200 -TAQ909,9600.00,USD,COCHERA GALICIA - TRUJILLO,mitsubishi,l200,taq909,"139807","2022",china,,Vehículos livianos,En vivo,SANTADER CONSUMER
CHANGAN NEW VAN -T6R550,4500.00,USD,COMISARÍA RURAL CHAO - VIRU,changan,new van,t6r550,"42317","2022",china,,Vehículos livianos,En vivo,SANTADER CONSUMER
DFSK K07S -BZD672,3900.00,USD,COMISARÍA MAGDALENA DEL MAR - LIMA,dfsk,k07s,bzd672,"102110","2021",china,,Vehículos livianos,En vivo,SANTADER CONSUMER
CHERY TIGGO 2 PRO -M6G652,5700.00,USD,M6G652,chery,tiggo 2 pro,m6g652,"22275","2023",china,,Vehículos livianos,En vivo,SANTADER CONSUMER
DFSK GLORY 330S -CLW371,3900.00,USD,COMISARÍA GROCIO PRADO - CHINCHA ALTA - ICA,dfsk,glory 330s,clw371,"65037","2023",china,,Vehículos livianos,En vivo,SANTADER CONSUMER
HYUNDAI CRETA -CAF290,9600.00,USD,COMISARÍA EL MILAGRO - UTCUBAMBA - AMAZONAS,hyundai,creta,caf290,"1","2022",china,,Vehículos livianos,En vivo,SANTADER CONSUMER
HONDA GLH150 7895RC,1086.96,USD,CAJAMARQUILLA,honda,glh150,"7895rc","1","2024",japon,true,Vehículos livianos,En vivo,PACIFICO SEGUROS
MERCEDES BENZ ACTROS TBT8,1000.00,USD,CAJAMARQUILLA,mercedes benz,actros,tbt865,"1","2022",alemania,true,Vehículos livianos,En vivo,PACIFICO SEGUROS
PEUGEOT PARTNER 2022 BNJ7,5652.17,USD,CAJAMARQUILLA,peugeot,partner,bnj730,"1","2022",espa?a,true,Vehículos livianos,En vivo,PACIFICO SEGUROS
KIA SOLUTO -P3Z612,5400.00,USD,COMISARÍA 26 DE OCTUBRE - PIURA,kia,soluto,p3z612,"105486","2022",china,,Vehículos livianos,En vivo,SANTADER CONSUMER
VOLQUETES STTRACON,104000.00,USD,LURIN,VOLVO,FMX,AXC-909,,"2018",,,Maquinaria pesada,Dinámica,Stracon
GEELY GX3 PRO -CLW435,7500.00,USD,COMISARÍA COCHERA GALICIA-LIMA,geely,gx3 pro,clw435,"42345","2023",china,,Vehículos livianos,En vivo,SANTADER CONSUMER
HYUNDAI NEW TUCSON -CHF10,13200.00,USD,COMISARÍA UNIPIRV TINGO MARIA - HUANUCO,hyundai,new tucson,chf101,"21229","2023",china,,Vehículos livianos,En vivo,SANTADER CONSUMER
"Ropa, calzado y casacas",366925.27,PEN,Villa el salvador,,,,,,,,Ropa y calzado,Sobre cerrado,OECHSLE
VAPORIZADOR DE FUEGO DIRE,51554.54,PEN,LLATA - HUANUCO ,,,,,,,,Equipos Menores,Sobre cerrado,Cosapi
CONTROLADOR BOMBA CONTRA INCENDIO,90859.32,PEN,LLATA - HUANUCO ,,,,,,,,Equipos Menores,Sobre cerrado,Cosapi
FORD TERRITORY -CEZ454,13200.00,USD,COMISARÍA LAURA  - LIMA,ford,territory,cez454,"57381","2023",china,,Vehículos livianos,En vivo,SANTADER CONSUMER
RENAULT DUSTERA JP052,3913.05,USD,CAJAMARQUILLA,renault,duster,ajp052,"1","2014",brasil,true,Vehículos livianos,En vivo,PACIFICO SEGUROS
CHERY TIGGO 8 -X5U552,9000.00,USD,COMISARÍA OLLANTAYTAMBO - CUSCO,chery,tiggo 8,x5u552,"1","2023",china,,Vehículos livianos,En vivo,SANTADER CONSUMER
Minivan PEUGEOT BOXER,6500.00,USD,Chorrillos,peugeot,boxer,b9e- 706,"1","2014",francia,,Vehículos livianos,Venta directa,UPSJB SAC
BMW X3 20I F3U565,14444.45,USD,Lima,bmw,x3 20i,f3u565,"94485","2013",alemania,,Vehículos livianos,En vivo,Cumbra
HYUNDAI CRETA -AZE056,7200.00,USD,COMISARÍA VILLA ALEJANDRO - LURÍN,hyundai,creta,aze056,"172133","2017",china,,Vehículos livianos,En vivo,SANTADER CONSUMER
KIA SELTOS -CMQ597,9600.00,USD,COMISARÍA PIEDRA LIZA - RIMAC,kia,seltos,cmq597,"26303","2024",china,,Vehículos livianos,En vivo,SANTADER CONSUMER
CHEVROLET PRISMA -BSX184,2400.00,USD,COMISARÍA SOL DE ORO - LOS OLIVOS,chevrolet,prisma,bsx184,"269835","2020",china,,Vehículos livianos,En vivo,SANTADER CONSUMER
JUMBO,43473.68,USD,LURIN,TAMROCK,AXERA 6-226XL,,,"2005",,,Maquinaria pesada,Venta directa,Cumbra
EMPERNADOR,74526.32,USD,LURIN,ATLAS COPCO,BOLTEC 235,,,"2008",,,Maquinaria pesada,Venta directa,Cumbra
MOTO HONDA GL125 1415-ET,800.00,USD,TRUJILLO,honda,gl125,"1415-et","1","2022",japon,,Vehículos livianos,Venta directa,CORPORACION MAXIMUS
CHEVROLET CAPTIVA -T6L371,8700.00,USD,COMISARÍA BUENOS AIRES - TRUJILLO,chevrolet,captiva,t6l371,"1","2022",china,,Vehículos livianos,En vivo,SANTADER CONSUMER
Equipos menores variados,43826.39,USD,ANCON,,,,,,,,Equipos Menores,Sobre cerrado,Unna
TOYOTA Hilux 4X4 CD EUC25,20000.00,USD,Lima,toyota,hilux 4x4 cd,euc257,"19432","2012",japon,,Vehículos livianos,En vivo,Cumbra
CHANGAN ALSVIN CKB005,2608.70,USD,CAJAMARQUILLA,changan,alsvin,ckb005,"1","2024",china,true,Vehículos livianos,En vivo,PACIFICO SEGUROS
JETOUR X70 -T6S095,8700.00,USD,COMISARÍA SALAVERRY - TRUJILLO,jetour,x70,t6s095,"40610","2022",china,,Vehículos livianos,En vivo,SANTADER CONSUMER
CHERY TIGGO 4 PRO -CFJ063,6900.00,USD,COCHERA GALICIA - LIMA,chery,tiggo 4 pro,cfj063,"19667","2023",china,,Vehículos livianos,En vivo,SANTADER CONSUMER
JETOUR X70 PLUS -H2Q156,9300.00,USD,COCHERA GALICIA - TRUJILLO,jetour,x70 plus,h2q156,"33635","2022",china,,Vehículos livianos,En vivo,SANTADER CONSUMER
HYUNDAI NEW TUCSON -CHF10,13200.00,USD,COMISARÍA UNIPIRV TINGO MARIA - HUANUCO,hyundai,new tucson,chf101,"21229","2023",china,,Vehículos livianos,En vivo,SANTADER CONSUMER
DFSK GLORY 580 -BVZ015,6600.00,USD,COMISARÍA MONTERRICO - SANTIAGO DE SURCO,dfsk,glory 580,bvz015,"49521","2021",china,,Vehículos livianos,En vivo,SANTADER CONSUMER
KIA RIO -BYI008,6000.00,USD,COMISARÍA PARAMONGA - PARAMONGA - LIMA,kia,rio,byi008,"131580","2021",china,,Vehículos livianos,En vivo,SANTADER CONSUMER
CAMION IVECO A6P-722,12500.00,USD,Chorrillos,iveco,a50.13,a6p-722,"153267","2011",italia,,Vehículos pesados,En vivo,UPSJB SAC
Rep. para contenedores Dry/RGT,30470.41,PEN,Almacén Gambeta,,,,,,,false,Repuestos,Sobre cerrado,DP WORLD LOGISTICS
CHERY TIGGO 4 PRO -CFJ063,6900.00,USD,COCHERA GALICIA - LIMA,chery,tiggo 4 pro,cfj063,"19667","2023",china,,Vehículos livianos,En vivo,SANTADER CONSUMER
CAMIÓN LUBRICADOR VOLVO,104000.00,USD,LURIN,volvo,fmx,arb-843,"19000","2016",peru,,Vehículos pesados,Sobre cerrado,Stracon
HYUNDAI CRETA -CHX047,10200.00,USD,COCHERA GALICIA - LIMA,hyundai,creta,chx047,"14965","2023",china,,Vehículos livianos,En vivo,SANTADER CONSUMER
CHANGAN X7 -T7P302,9900.00,USD, COCHERA F&G - TRUJILLO,changan,x7,t7p302,"121","2025",china,,Vehículos livianos,En vivo,SANTADER CONSUMER
Minivan PEUGEOT BOXER,5900.00,USD,Chorrillos,peugeot,boxer,b9e- 706,"1","2014",francia,false,Vehículos livianos,En vivo,UPSJB SAC
CHEVROLET JOY HB -CCI392,4500.00,USD,COMISARÍA URB. PACHACAMAC - LIMA,chevrolet,joy hb,cci392,"74831","2022",china,,Vehículos livianos,En vivo,SANTADER CONSUMER
SUZUKI APV FURGON -BUA710,7200.00,USD,COMISARÍA GROCIO PRADO - ICA,suzuki,apv furgon,bua710,"16366","2022",china,,Vehículos livianos,En vivo,SANTADER CONSUMER
FOTON K3 ASD943,8000.00,USD,Lima,foton,k3,asd943,"140199","2016",china,,Vehículos livianos,En vivo,Cumbra
DFSK GLORY -BYG094,5400.00,USD,COMISARÍA VITARTE   - LIMA,dfsk,glory,byg094,"69078","2021",china,,Vehículos livianos,En vivo,SANTADER CONSUMER
CHERY TIGGO 2 PRO  -CDF10,6090.32,USD,COMISARÍA LA MOLINA  - LIMA,chery,tiggo 2 pro,cdf104,"29918","2022",china,,Vehículos livianos,En vivo,SANTADER CONSUMER
CAMIÓN LUBRICADOR VOLVO,104000.00,USD,LURIN,volvo,fmx,arb-843,"19000","2016",peru,,Vehículos pesados,Dinámica,Stracon
CHANGAN CS15 -T6N390,5940.00,USD,COMISARÍA SECTORIAL MOCHE-TRUJILLO,changan,cs15,t6n390,"134199","2023",china,,Vehículos livianos,En vivo,SANTADER CONSUMER
KIA  K3 -CLI436,6000.00,USD,COMISARÍA SANTA FELICIA-LIMA,kia,k3,cli436,"1","2024",china,,Vehículos livianos,En vivo,SANTADER CONSUMER
HYUNDAI NEW TUCSON -CAO23,12720.00,USD,COMISARÍA PNP LAS PRADERAS DE LA MOLINA-LIMA,hyundai,new tucson,cao238,"33054","2022",china,,Vehículos livianos,En vivo,SANTADER CONSUMER
MAZDA MAZDA 3 -VAK042,10200.00,USD,COMISARÍA HUASCAR - PUNO,mazda,mazda 3,vak042,"45066","2022",china,,Vehículos livianos,En vivo,SANTADER CONSUMER
CHERY NEW TIGGO 8 -BZU188,8400.00,USD,COMISARÍA PLAYA  RIMAC  - LIMA,chery,new tiggo 8,bzu188,"76023","2022",china,,Vehículos livianos,En vivo,SANTADER CONSUMER
GEELY AZKARRA -M5Y555,8700.00,USD,COMISARÍA BA?OS DEL INCA-CAJAMARCA,geely,azkarra,m5y555,"22786","2023",china,,Vehículos livianos,En vivo,SANTADER CONSUMER
KARRY K60 -W5G319,7500.00,USD,COMISARÍA PNP JOSE GALVEZ - LIMA,karry,k60,w5g319,"48844","2023",china,,Vehículos livianos,En vivo,SANTADER CONSUMER
AERO B3I737,7700.00,USD,Villa el Salvador,hyundai,aero city,b3i737,"1","2010",japon,,Vehículos livianos,Venta directa,Acceso Crediticio
AERO B3E770,7700.00,USD,Villa el Salvador,hyundai,aero city,b3e770,"1","2010",japon,,Vehículos livianos,Venta directa,Acceso Crediticio
NISSAN KICKS -CCY608,8700.00,USD,COCHERA GALICIA - LIMA,nissan,kicks,ccy608,"44724","2022",china,,Vehículos livianos,En vivo,SANTADER CONSUMER
HONDA GLH150 7895RC,861.00,USD,Cajamarquilla,honda,glh150,"7895rc","1","2024",japon,true,Vehículos livianos,En vivo,PACIFICO SEGUROS
VOLKSWAGEN JETTA BCJ352,4347.83,USD,Cajamarquilla,volkswagen,jetta,bcj352,"1","2017",brasil,true,Vehículos livianos,En vivo,PACIFICO SEGUROS
MITSUBISHI L200 -BTE765,10200.00,USD,COMISARÍA PASCO - CHAUPIMARCA - CERRO DE PASCO,mitsubishi,l200,bte765,"46193","2022",china,,Vehículos livianos,En vivo,SANTADER CONSUMER
NISSAN VERSA -CJN631,8400.00,USD,COMISARÍA PAMPLONA I - LIMA,nissan,versa,cjn631,"83333","2024",china,,Vehículos livianos,En vivo,SANTADER CONSUMER
CHERY TIGGO 2 PRO -CMV464,5700.00,USD,COMISARÍA SOL DE ORO - LIMA,chery,tiggo 2 pro,cmv464,"52136","2024",china,,Vehículos livianos,En vivo,SANTADER CONSUMER
CHEVROLET CAPTIVA -T6L371,8700.00,USD,COMISARÍA BUENOS AIRES - TRUJILLO,chevrolet,captiva,t6l371,"1","2022",china,,Vehículos livianos,En vivo,SANTADER CONSUMER
FORD TERRITORY -CEZ454,13200.00,USD,COMISARÍA LAURA  - LIMA,ford,territory,cez454,"57381","2023",china,,Vehículos livianos,En vivo,SANTADER CONSUMER
CHANGAN CS15 -T6N390,4920.00,USD,COMISARÍA SECTORIAL MOCHE - TRUJILLO,changan,cs15,t6n390,"134199","2023",china,,Vehículos livianos,En vivo,SANTADER CONSUMER
BMW X5 B0F143,4782.60,USD,Cajamarquilla,bmw,x5,b0f143,"1","2008",alemania,true,Vehículos livianos,En vivo,PACIFICO SEGUROS
"Rep para camiones, grúas, etc",186966.87,PEN,ALMACÉN PAITA,,,,,,,false,Repuestos,Sobre cerrado,DP WORLD LOGISTICS
FORD TERRITORY -CRD278,15000.00,USD,COCHERA GALICIA - TRUJILLO,ford,territory,crd278,"4767","2025",china,,Vehículos livianos,En vivo,SANTADER CONSUMER
VOLQUETE VOLVO FMX,104000.00,USD,LURIN,volvo,fmx,aww-855,"19000","2018",peru,,Maquinaria pesada,Dinámica,Stracon
NISSAN VERSA -CJN631,8400.00,USD,COCHERA F&G - LIMA,nissan,versa,cjn631,"83333","2023",china,,Vehículos livianos,En vivo,SANTADER CONSUMER
"Rep para camiones, grúas y material",329868.62,PEN,Alm. Gambeta - LIMA,,,,,,,false,Repuestos,Sobre cerrado,DP WORLD LOGISTICS
Repuestos Reefer - Paita,86088.63,PEN,Almacén Paita,,,,,,,false,Repuestos,Sobre cerrado,DP WORLD LOGISTICS
SUZUKI GRAND NOMADE C1W46,2608.70,USD,Cajamarquilla,suzuki,grand nomade,c1w460,"1","2011",japon,true,Vehículos livianos,En vivo,PACIFICO SEGUROS
KIA SOLUTO -CJP587,3900.00,USD,COMISARÍA CONDEVILLA SE?OR - LIMA,kia,soluto,cjp587,"110255","2023",china,,Vehículos livianos,En vivo,SANTADER CONSUMER
CHERY TIGGO 7 PRO -CHR371,8700.00,USD,COMISARÍA APATA - JAUJA - HUANCAYO,chery,tiggo 7 pro,chr371,"30196","2023",china,,Vehículos livianos,En vivo,SANTADER CONSUMER
KIA SPORTAGE -CDF355,12000.00,USD,COMISARÍA APOLO - LIMA,kia,sportage,cdf355,"21548","2022",china,,Vehículos livianos,En vivo,SANTADER CONSUMER
MERCEDES BENZ ACTROS TBT8,1565.22,USD,CAJAMARQUILLA,,,,,,,true,Vehículos livianos,En vivo,PACIFICO SEGUROS
HONDA GLH150 7895RC,1086.96,USD,CAJAMARQUILLA,,,,,,,true,Maquinaria liviana,En vivo,PACIFICO SEGUROS
GREAT WALL WINGLE 5 -X5J7,6429.49,USD,COMISARÍA QUILLABAMBA - CUSCO,great wall,wingle 5,x5j734,"44634","2022",china,,Vehículos livianos,En vivo,SANTADER CONSUMER
CHERY TIGGO 2 PRO -CMV464,5700.00,USD,COCHERA FG - LIMA,chery,tiggo 2 pro,cmv464,"52136","2024",china,,Vehículos livianos,En vivo,SANTADER CONSUMER
PICKUP TOYOTA HILUX 4x4 B,25550.00,USD,TRUJILLO,toyota,hilux,bjj897,"109656","2020",japon,,Vehículos livianos,Venta directa,CORPORACION MAXIMUS
PICKUP TOYOTA HILUX 4x4 B,25341.17,USD,TRUJILLO,toyota,hilux,bjj897,"109656","2020",japon,,Vehículos livianos,En vivo,CORPORACION MAXIMUS
CHERY ARRIZO 3 -P3R248,3900.00,USD,COMISARÍA SAN HILARION - PICOTA - SAN MARTIN,chery,arrizo 3,p3r248,"108300","2021",china,,Vehículos livianos,En vivo,SANTADER CONSUMER
PICKUP TOYOTA HILUX 4x4 B,25341.17,USD,TRUJILLO,toyota,hilux,bjj897,"109656","2020",japon,,Vehículos livianos,En vivo,CORPORACION MAXIMUS
HYUNDAI CRETA -CAF290,9600.00,USD,COMISARÍA EL MILAGRO - UTCUBAMBA - AMAZONAS,hyundai,creta,caf290,"1","2022",china,,Vehículos livianos,En vivo,SANTADER CONSUMER
SUBARU XV -BBL380,9600.00,USD,COMISARÍA DIROVE SUR - CHORRILLOS,subaru,xv,bbl380,"1","2017",china,,Vehículos livianos,En vivo,SANTADER CONSUMER
CHERY TIGGO 2 PRO -H2R231,5700.00,USD,COMISARÍA BUENOS AIRES - CHIMBOTE,chery,tiggo 2 pro,h2r231,"39656","2022",china,,Vehículos livianos,En vivo,SANTADER CONSUMER
PICKUP TOYOTA HILUX 4x4 B,25341.17,USD,TRUJILLO,toyota,hilux,bjj897,"109656","2020",japon,,Vehículos livianos,En vivo,CORPORACION MAXIMUS
BAIC X35 -CFO679,5400.00,USD,COMISARÍA EL PEDREGAL - CAYLLOMA - AREQUIPA,baic,x35,cfo679,"32928","2023",china,,Vehículos livianos,En vivo,SANTADER CONSUMER
TOYOTA 4RUNNER -ASI415,19200.00,USD,COMISARÍA SAN LUIS - LIMA,toyota,"4runner",asi415,"1","2016",china,,Vehículos livianos,En vivo,SANTADER CONSUMER
FORD TERRITORY -CRD278,15000.00,USD,COCHERA GALICIA - TRUJILLO,ford,territory,crd278,"4767","2025",china,,Vehículos livianos,En vivo,SANTADER CONSUMER
JAC T8- -Z8C859,6300.00,USD,COMISARÍA VIGIL - TACNA,jac,t8-,z8c859,"56553","2022",china,,Vehículos livianos,En vivo,SANTADER CONSUMER
PICKUP JAC T8 4x4 BMF792,10504.65,USD,TRUJILLO,jac,t8,bmf792,"99137","2022",china,,Vehículos livianos,En vivo,CORPORACION MAXIMUS
FURGON  FOTON 3Tn D9R-734,8000.00,USD,Villa el salvador,foton,ollin,d9r-734,"127457","2013",china,,Vehículos pesados,Venta directa,SINBA
Repuestos Reefer,88874.96,PEN,Almacén Gambeta,,,,,,,false,Repuestos,Sobre cerrado,DP WORLD LOGISTICS
CHERY TIGGO 2 PRO -M6G652,5700.00,USD,M6G652,chery,tiggo 2 pro,m6g652,"22275","2023",china,,Vehículos livianos,En vivo,SANTADER CONSUMER
PICKUP JAC T8 4x4 BMF792,10738.09,USD,TRUJILLO,jac,t8,bmf792,"99137","2022",china,,Vehículos livianos,En vivo,CORPORACION MAXIMUS
CHERY TIGGO 7 PRO -CHR371,8700.00,USD,COMISARÍA APATA - JAUJA - HUANCAYO,chery,tiggo 7 pro,chr371,"30196","2023",china,,Vehículos livianos,En vivo,SANTADER CONSUMER
AERO B3D788,7700.00,USD,VILLA EL SALVADOR,,,,,,,,Vehículos livianos,Venta directa,Acceso Crediticio
HONDA GLH150 7895RC,1086.96,USD,Cajamarquilla,honda,glh150,"7895rc","1","2024",japon,true,Vehículos livianos,En vivo,PACIFICO SEGUROS
MERCEDES BENZ ACTROS TBT8,1565.22,USD,Cajamarquilla,mercedes benz,actros,tbt865,"1","2022",alemania,true,Vehículos livianos,En vivo,PACIFICO SEGUROS
NISSAN VERSA ADZ586,2608.70,USD,Cajamarquilla,nissan,versa,adz586,"1","2015",mexico,true,Vehículos livianos,En vivo,PACIFICO SEGUROS
HYUNDAI ELANTRA BRD469,5217.40,USD,Cajamarquilla,hyundai,elantra,brd469,"1","2020",corea del sur,true,Vehículos livianos,En vivo,PACIFICO SEGUROS
CHANGAN CS15 -T6N390,4920.00,USD,COMISARÍA SECTORIAL MOCHE - TRUJILLO,changan,cs15,t6n390,"134199","2023",china,,Vehículos livianos,En vivo,SANTADER CONSUMER
FURGON  FOTON 3Tn D9R-734,10000.00,USD,Villa el salvador,foton,ollin,d9r-734,"127457","2013",china,,Vehículos pesados,Sobre cerrado,SINBA
AERO B3E770,7700.00,USD,Villa el Salvador,hyundai,aero city,b3e770,"1","2010",japon,,Vehículos livianos,Venta directa,Acceso Crediticio
FORLAND F190 DOBLE CABINA,8712.00,USD,COMISARÍA CESAR LLATA CASTRO-CIHICLAYO,forland,f190 doble cabina,m7z774,"103380","2024",china,,Vehículos livianos,En vivo,SANTADER CONSUMER
CHANGAN X7 -T7P302,9360.00,USD,LIMA,changan,x7,t7p302,"121","2025",china,,Vehículos livianos,En vivo,SANTADER CONSUMER
FORD F150 -BXG930,19500.00,USD,COMISARÍA PUENTE PIEDRA-LIMA,ford,f150,bxg930,"18464","2023",china,,Vehículos livianos,En vivo,SANTADER CONSUMER
AERO B3I737,7700.00,USD,Villa el Salvador,hyundai,aero city,b3i737,"1","2010",japon,,Vehículos livianos,Venta directa,Acceso Crediticio
SUZUKI JIMMY -CKZ699,10170.00,USD,COMISARÍA TUCUMÉ-LAMBAYEQUE,suzuki,jimmy,ckz699,"1","2023",china,,Vehículos livianos,En vivo,SANTADER CONSUMER
CHEVROLET N400 -Z7W364,7500.00,USD,COMISARÍA HUANCA SANCOS-AYACUCHO,chevrolet,n400,z7w364,"32103","2024",china,,Vehículos livianos,En vivo,SANTADER CONSUMER
NISSAN VERSA -CJN631,7320.00,USD,COMISARÍA PAMPLONA I-LIMA,nissan,versa,cjn631,"83333","2024",china,,Vehículos livianos,En vivo,SANTADER CONSUMER
CHANGAN CX70 -BZZ384,5700.00,USD,COCHERA F&G - LIMA,changan,cx70,bzz384,"23751","2022",china,,Vehículos livianos,En vivo,SANTADER CONSUMER
MAZDA MAZDA3 -AZV513,7518.00,USD,COMISARÍA LA NORIA-TRUJILLO,mazda,mazda3,azv513,"115133","2017",china,,Vehículos livianos,En vivo,SANTADER CONSUMER
KIA PICANTO -Y2J020,6120.00,USD,COMISARÍA HUAYLLAY-PASCO,kia,picanto,y2j020,"11084","2024",china,,Vehículos livianos,En vivo,SANTADER CONSUMER
CHANGAN NEW VAN -T6R550,5700.00,USD,COMISARÍA RURAL CHAO-VIRU,changan,new van,t6r550,"42317","2022",china,,Vehículos livianos,En vivo,SANTADER CONSUMER
MITSUBISHI XPANDER -BYW42,8700.00,USD,COMISARÍA PNP.VILLA-CHORRILLOS-LIMA,mitsubishi,xpander,byw420,"48706","2022",china,,Vehículos livianos,En vivo,SANTADER CONSUMER
CHERY TIGGO 2 PRO -CMV464,5700.00,USD,COMISARÍA SOL DE ORO - LIMA,chery,tiggo 2 pro,cmv464,"52136","2024",china,,Vehículos livianos,En vivo,SANTADER CONSUMER
HYUNDAI VENUE -CEY674,8100.00,USD,COMISARÍA LAURA CALLER - LIMA,hyundai,venue,cey674,"1","2023",china,,Vehículos livianos,En vivo,SANTADER CONSUMER
NISSAN VERSA -BPX020,6000.00,USD,COMISARÍA PRO - LIMA,nissan,versa,bpx020,"183251","2020",china,,Vehículos livianos,En vivo,SANTADER CONSUMER
CHEVROLET ONIX JOY -Y2F07,4200.00,USD,COMISARÍA CHINCHA BAJA - ICA,chevrolet,onix joy,y2f076,"218774","2022",china,,Vehículos livianos,En vivo,SANTADER CONSUMER
Repuestos varios,0.00,PEN,Almacén Lurín - Lima,,,,,,,,Repuestos,Sobre cerrado,TGP
CHEVROLET CAPTIVA -Z7A500,8100.00,USD,COCHERA GALICIA - LIMA,chevrolet,captiva,z7a500,"42166","2022",china,,Vehículos livianos,En vivo,SANTADER CONSUMER
Materiales electricos,0.00,PEN,Almacén Lurin - LIMA,,,,,,,,Materiales varios,Sobre cerrado,TGP
HYUNDAI CRETA -CAF290,6720.00,USD,COMISARÍA EL MILAGRO - UTCUBAMBA-AMAZONAS,hyundai,creta,caf290,"1","2022",china,,Vehículos livianos,En vivo,SANTADER CONSUMER
CHERY TIGGO 2 -T6G328 ,5976.00,USD,COMISARÍA AYACUCHO -TRUJILLO,chery,tiggo 2,t6g328,"9861","2022",china,,Vehículos livianos,En vivo,SANTADER CONSUMER
MITSUBISHI MONTERO SPORT ,18000.00,USD,COCHERA GALICIA - LIMA,mitsubishi,montero sport,ccm636,"65784","2023",china,,Vehículos livianos,En vivo,SANTADER CONSUMER
TOYOTA 4RUNNER -ASI415,19200.00,USD,COMISARÍA SAN LUIS - LIMA,toyota,"4runner",asi415,"1","2016",china,,Vehículos livianos,En vivo,SANTADER CONSUMER
DFSK GLORY 560 -M6B350,6738.00,USD,COMISARÍA LA MATANZA-LA MATANZA,dfsk,glory 560,m6b350,"279529","2023",china,,Vehículos livianos,En vivo,SANTADER CONSUMER
DFSK GLORY 560 -CES408,7500.00,USD,COMISARÍA HUALLANGA-ANCASH,dfsk,glory 560,ces408,"55394","2022",china,,Vehículos livianos,En vivo,SANTADER CONSUMER
MAZDA MAZDA 3 -VAK042,12427.66,USD,COMISARÍA HUASCAR-PUNO,mazda,mazda 3,vak042,"45066","2022",china,,Vehículos livianos,En vivo,SANTADER CONSUMER
CHERY ARRIZO 3 -P3R248,2940.00,USD,COMISARÍA SAN HILARION-PICOTA - SAN MARTIN,chery,arrizo 3,p3r248,"108300","2021",china,,Vehículos livianos,En vivo,SANTADER CONSUMER
CHERY TIGGO 7 PRO -CHR371,9300.00,USD,COMISARÍA APATA - JAUJA-HUANCAYO,chery,tiggo 7 pro,chr371,"30196","2023",china,,Vehículos livianos,En vivo,SANTADER CONSUMER
FOTON K3 ASD943,10000.00,USD,Lima,foton,k3,asd943,"140199","2016",china,,Vehículos livianos,En vivo,Cumbra
SUBARU FORESTER CJX122,24773.91,USD,TRUJILLO,subaru,forester,cjx122,"18716","2023",japon,,Vehículos livianos,En vivo,CORPORACION MAXIMUS
MITSUBISHI ASX 2020 BRV09,5652.17,USD,CAJAMARQUILLA,mitsubishi,asx,brv094,"1","2020",espa?a,true,Vehículos livianos,En vivo,PACIFICO SEGUROS
TOYOTA RAV4 B8E546,3043.48,USD,CAJAMARQUILLA,toyota,rav4,b8e546,"1","2011",japon,true,Vehículos livianos,En vivo,PACIFICO SEGUROS
EXCAVADORA SOBRE ORUGA 336D2 ,180105.00,USD,ATE,CATERPILLAR,"336D2",,,"2018",,,Maquinaria pesada,Venta directa,CHACONGESA
CARGADOR FRONTAL 966H OPERATIVO,198736.84,USD,ATE,CATERPILLAR,"966H",,,"2018",,,Maquinaria pesada,Venta directa,CHACONGESA
MITSUBISHI L200 -TAQ909,9000.00,USD,COMISARÍA SECTORIAL LAREDO - TRUJILLO,mitsubishi,l200,taq909,"139807","2022",china,,Vehículos livianos,En vivo,SANTADER CONSUMER
PICKUP TOYOTA HILUX 4x4 B,24790.27,USD,TRUJILLO,toyota,hilux,bjj897,"109656","2020",japon,,Vehículos livianos,En vivo,CORPORACION MAXIMUS
TRACTOR SOBRE ORUGAS D8T OPERATIVO,341578.00,USD,ATE,CATERPILLAR,D8T,,,"2018",,,Maquinaria pesada,Venta directa,CHACONGESA
RODILLO CS78B OPERATIVO,93157.00,USD,ATE,CATERPILLAR,CS78B,,,"2018",,,Maquinaria pesada,Venta directa,CHACONGESA
RODILLO CS79B OPERATIVO,93157.00,USD,ATE,CATERPILLAR,CS79B,,,"2019",,,Maquinaria pesada,Venta directa,CHACONGESA
JAC JS2 -T7A077,3900.00,USD,COMISARÍA MOCHE - TRUJILLO,jac,js2,t7a077,"31071","2023",china,,Vehículos livianos,En vivo,SANTADER CONSUMER
PICKUP JAC T8 4x4 BMF792,10738.09,USD,TRUJILLO,jac,t8,bmf792,"99137","2022",china,,Vehículos livianos,En vivo,CORPORACION MAXIMUS
FORD TERRITORY -CEZ454,13200.00,USD,COCHERA GALICIA - LIMA,ford,territory,cez454,"57381","2023",china,,Vehículos livianos,En vivo,SANTADER CONSUMER
DONGFENG M3 -CAU607,5700.00,USD,COMISARÍA SOL DE ORO - LOS OLIVOS,dongfeng,m3,cau607,"1","2022",china,,Vehículos livianos,En vivo,SANTADER CONSUMER
TRACTOR SOBRE ORUGAS D8T OPERATIVO,341578.00,USD,ATE,CATERPILLAR,D8T,,,"2018",,,Maquinaria pesada,Venta directa,CHACONGESA
DFSK GLORY 560 -CES408,5100.00,USD,COMISARÍA HUALLANGA - ANCASH,dfsk,glory 560,ces408,"55394","2022",china,,Vehículos livianos,En vivo,SANTADER CONSUMER
NISSAN VERSA -CJN631,8400.00,USD,COCHERA FG - LIMA,nissan,versa,cjn631,"83333","2023",china,,Vehículos livianos,En vivo,SANTADER CONSUMER
HYUNDAI GRAND I10 -M5Y063,4800.00,USD,COMISARÍA TUMAN - CHICLAYO,hyundai,grand i10,m5y063,"172877","2022",china,,Vehículos livianos,En vivo,SANTADER CONSUMER
TRACTOR SOBRE ORUGAS D8T OPERATIVO,341578.00,USD,ATE,CATERPILLAR,D8T,,,"2018",,,Maquinaria pesada,Venta directa,CHACONGESA
Chevrolet - Suburban,25000.00,USD,LIMA,chevrolet,suburban,bhl-678,"84385","2018",usa,,Vehículos livianos,En vivo,Qroma
SUBARU FORESTER CJX122,20000.00,USD,TRUJILLO,subaru,forester,cjx122,"18716","2023",japon,,Vehículos livianos,En vivo,CORPORACION MAXIMUS
CHEVROLET JOY HB -BUL589,5100.00,USD,COMISARÍA CHACRA COLORADA-BRE?A,chevrolet,joy hb,bul589,"134816","2021",china,,Vehículos livianos,En vivo,SANTADER CONSUMER
VAPORIZADOR DE FUEGO DIRE,51554.54,PEN,LLATA - HUANUCO ,,,,,,,,Equipos Menores,Venta directa,Cosapi
GREAT WALL WINGLE 5BZY755,4347.83,USD,cajamarquilla,great wall,wingle 5,bzy755,"1","2024",china,true,Vehículos livianos,En vivo,PACIFICO SEGUROS
ISUZU NPR75L - KL5 -TCC81,21300.00,USD,COMISARÍA JOSÉ LEONARDO ORTIZ-CHICLAYO,isuzu,npr75l - kl5,tcc812,"1","2023",china,,Vehículos livianos,En vivo,SANTADER CONSUMER
BOMBA DE CONCRETO,18631.58,USD,LURIN,SCHWING,BP 401 HDR-18,,,"1999",,,Maquinaria pesada,Venta directa,Cumbra
Torres de iluminación,0.00,PEN,LURIN,,,,,,,,Equipos Menores,Sobre cerrado,Stracon
ZARANDA,105578.95,USD,LURIN,METSO,CVB2661-3,,,"2011",,,Maquinaria pesada,Venta directa,Cumbra
EXCAVADORA SOBRE ORUGAS,124210.53,USD,LURIN,CATERPILLAR,"336CG",,,"2020",,,Maquinaria pesada,Sobre cerrado,Stracon
DFSK GLORY -CDH548,8700.00,USD,COMISARÍA SANTA CLARA-PUNO,dfsk,glory,cdh548,"67851","2023",china,,Vehículos livianos,En vivo,SANTADER CONSUMER
MOTONIVELADORA 140M OPERATIVO,124210.53,USD,ATE,CATERPILLAR,"140M",,,"2010",,,Maquinaria pesada,Venta directa,CHACONGESA
TRACTOR SOBRE ORUGAS D7R2 OPERATIVO,173894.74,USD,ATE,CATERPILLAR,D7R 2,,,"2011",,,Maquinaria pesada,Venta directa,CHACONGESA
CARGADOR FRONTAL 966H OPERATIVO,198736.84,USD,ATE,CATERPILLAR,"966H",,,"2018",,,Maquinaria pesada,Venta directa,CHACONGESA
AERO B3I737,7700.00,USD,Villa el Salvador,hyundai,aero city,b3i737,"1","2010",japon,,Vehículos livianos,Sobre cerrado,Acceso Crediticio
CHANGAN X7 -T7P302,9900.00,USD,COMISARÍA COCHERA F&G-TRUJILLO,changan,x7,t7p302,"121","2025",china,,Vehículos livianos,En vivo,SANTADER CONSUMER
HYUNDAI CRETA -CBF081,8730.00,USD,COMISARÍA LA PERLA-LIMA,hyundai,creta,cbf081,"24741","2022",china,,Vehículos livianos,En vivo,SANTADER CONSUMER
KIA  CERATO -VCA648,9132.00,USD,COMISARÍA LADERAS DE VILLA-LIMA,kia,cerato,vca648,"15436","2023",china,,Vehículos livianos,En vivo,SANTADER CONSUMER
AMORTIGUADORES DE IMPACTO NORVIAL ,8865.73,USD,ANCON,,,,,,,,Equipos Menores,Sobre cerrado,Unna
HYUNDAI NEW ELANTRA -BLD6,6900.00,USD,COMISARÍA EL PROGRESO-LIMA,hyundai,new elantra,bld660,"189996","2019",china,,Vehículos livianos,En vivo,SANTADER CONSUMER
VOLQUETE VOLVO FMX,104000.00,USD,LURIN,volvo,fmx,bbp-946,"19000","2019",peru,,Maquinaria pesada,Venta directa,Stracon
VOLQUETE VOLVO FMX,104000.00,USD,LURIN,volvo,fmx,bbp-946,"19000","2019",peru,,Maquinaria pesada,Dinámica,Stracon
VOLTEADORA DE COMPOST,32777.78,PEN,CHILCA,,,,,,,,Maquinaria liviana,Sobre cerrado,Seche
CARGADOR FRONTAL,100000.00,USD,LURIN,LIEBHER,L566,,,"2015",,,Maquinaria pesada,Sobre cerrado,Stracon
VOLQUETE VOLVO FMX 8X4R,90000.00,USD,LURIN,volvo,fmx,bbq-923,"19000","2019",peru,,Maquinaria pesada,Venta directa,Stracon
VOLQUETE VOLVO FMX,90000.00,USD,LURIN,volvo,fmx,bbp-949,"19000","2019",peru,,Maquinaria pesada,Venta directa,Stracon
EXCAVADORA SOBRE ORUGA,124210.53,USD,LURIN,LIEBHER,R976,,,"2015",,,Maquinaria pesada,Sobre cerrado,Stracon
VOLQUETE VOLVO FMX 8X4R,104000.00,USD,LURIN,volvo,fmx,bbq-923,"19000","2019",peru,,Maquinaria pesada,Dinámica,Stracon
VOLQUETE VOLVO FMX,104000.00,USD,LURIN,volvo,fmx,axd-744,"19000","2018",peru,,Maquinaria pesada,Dinámica,Stracon
VOLQUETE VOLVO FMX,104000.00,USD,LURIN,volvo,fmx,axd-744,"19000","2018",peru,,Maquinaria pesada,Venta directa,Stracon
VOLQUETE VOLVO FMX,104000.00,USD,LURIN,volvo,fmx,awv-763,"19000","2018",peru,,Maquinaria pesada,Venta directa,Stracon
VOLQUETES STTRACON,104000.00,USD,LURIN,VOLVO,FMX,AXD-804,,"2018",,,Maquinaria pesada,Dinámica,Stracon
VOLQUETE VOLVO FMX,104000.00,USD,LURIN,volvo,fmx,awv-908,"19000","2018",peru,,Maquinaria pesada,Dinámica,Stracon
VOLQUETE VOLVO FMX,104000.00,USD,LURIN,volvo,fmx,axl-713,"19000","2018",peru,,Maquinaria pesada,Dinámica,Stracon
VOLQUETE VOLVO FMX,104000.00,USD,LURIN,volvo,fmx,bbp-949,"19000","2019",peru,,Maquinaria pesada,Dinámica,Stracon
VOLQUETE VOLVO FMX,104000.00,USD,LURIN,volvo,fmx,bbp-796,"19000","2019",peru,,Maquinaria pesada,Dinámica,Stracon
VOLQUETE VOLVO FMX,104000.00,USD,LURIN,volvo,fmx,awv-763,"19000","2018",peru,,Maquinaria pesada,Dinámica,Stracon
GRUA TELESCOPICA,149052.63,USD,LURIN,GROVE,RT-600E,,,"2007",,,Maquinaria pesada,Venta directa,Cumbra
KIA PICANTO -M5J137,5100.00,USD,COMISARÍA JOSÉ LEONARDO ORTIZ-CHICLAYO,kia,picanto,m5j137,"154259","2020",china,,Vehículos livianos,En vivo,SANTADER CONSUMER
KIA  CERATO -VCA648,8700.00,USD,COMISARÍA LADERAS DE VILLA-LIMA,kia,cerato,vca648,"15436","2023",china,,Vehículos livianos,En vivo,SANTADER CONSUMER
KIA SPORTAGE -CCN577,13500.00,USD,COMISARÍA PUEBLO LIBRE-LIMA,kia,sportage,ccn577,"51182","2022",china,,Vehículos livianos,En vivo,SANTADER CONSUMER
UPS de data center,0.00,PEN,Miraflores,,,,,,,,Equipos de Computación,Sobre cerrado,JJC 
KIA PICANTO -CFB201,5880.00,USD,COMISARÍA UNIVERSITARIA-LIMA,kia,picanto,cfb201,"33495","2023",china,,Vehículos livianos,En vivo,SANTADER CONSUMER
KIA SOLUTO -P3Z612,5520.00,USD,COMISARÍA 26 DE OCTUBRE-PIURA,kia,soluto,p3z612,"105486","2022",china,,Vehículos livianos,En vivo,SANTADER CONSUMER
HYUNDAI CRETA -CAF290,9600.00,USD,COMISARÍA EL MILAGRO - UTCUBAMBA - AMAZONAS,hyundai,creta,caf290,"1","2022",china,,Vehículos livianos,En vivo,SANTADER CONSUMER
Equipos de cómputo,102120.01,PEN,AV ARGENTINA,,,,,,,,Equipos de Computación,Sobre cerrado,Acceso Crediticio
Materiales variados elect,13695.58,PEN,LIMA,,,,,,,,Materiales varios,Sobre cerrado,Unna
Materiales variados eléctricos,0.00,PEN,VILLA EL SALVADOR,,,,,,,,Materiales varios,Sobre cerrado,Unna
CHERY TIGGO 8 -T6T250,9900.00,USD,COMISARÍA EL ALAMBRE-TRUJILLO,chery,tiggo 8,t6t250,"78017","2023",china,,Vehículos livianos,En vivo,SANTADER CONSUMER
CHERY TIGGO 8 -CJO338,9300.00,USD,COMISARÍA CRUZ BLANCA-HUAURA,chery,tiggo 8,cjo338,"1","2023",china,,Vehículos livianos,En vivo,SANTADER CONSUMER
KYC V5 -P4G510,5124.00,USD,COMISARÍA 26 DE OCTUBRE-PIURA,kyc,v5,p4g510,"1","2024",china,,Vehículos livianos,En vivo,SANTADER CONSUMER
MITSUBISHI XPANDER -BWA34,8520.00,USD,COMISARÍA SANTA ISABEL-COMAS,mitsubishi,xpander,bwa347,"217081","2022",china,,Vehículos livianos,En vivo,SANTADER CONSUMER
CHEVROLET ONIX JOY -Z7F52,4320.00,USD,COMISARÍA LA UNIFICADA - LIMA,chevrolet,onix joy,z7f527,"82466","2022",china,,Vehículos livianos,En vivo,SANTADER CONSUMER
Equipos menores variados,0.00,PEN,LURIN,,,,,,,,Equipos Menores,Sobre cerrado,Stracon
Minivan PEUGEOT BOXER,6700.00,USD,Chorrillos,peugeot,boxer,b9e- 706,"1","2014",francia,,Vehículos livianos,Venta directa,UPSJB SAC
DFSK K07S -BZD672,3900.00,USD,COMISARÍA MAGDALENA DEL MAR - LIMA,dfsk,k07s,bzd672,"102110","2021",china,,Vehículos livianos,En vivo,SANTADER CONSUMER
MITSUBISHI OUTLANDER -BUP,10800.00,USD,COMISARÍA LA PLANICIE - LA MOLINA,mitsubishi,outlander,bup423,"1","2021",china,,Vehículos livianos,En vivo,SANTADER CONSUMER
KYC X5 -CAD929,5790.00,USD,COMISARÍA SAN JUAN DE MIRAFLORES-LIMA,kyc,x5,cad929,"36905","2024",china,,Vehículos livianos,En vivo,SANTADER CONSUMER
NISSAN SENTRA -H2O436,6300.00,USD,COMISARÍA 21 DE ABRIL-CHIMBOTE,nissan,sentra,h2o436,"34008","2022",china,,Vehículos livianos,En vivo,SANTADER CONSUMER
PEUGEOT PARTNER -BRW727,9300.00,USD,COMISARÍA SAN ISIDRO-LIMA,peugeot,partner,brw727,"2360","2023",china,,Vehículos livianos,En vivo,SANTADER CONSUMER
EQUIPO LUBRICADOR PARA CAMION HINO,4755.75,USD,ANCON,,,,,,,,Equipos Menores,Sobre cerrado,Unna
CHERY TIGGO 4 PRO -CFJ063,6900.00,USD,COCHERA GALICIA - LIMA,chery,tiggo 4 pro,cfj063,"19667","2023",china,,Vehículos livianos,En vivo,SANTADER CONSUMER
DFSK GLORY 330S -CLW371,3900.00,USD,COMISARÍA GROCIO PRADO - CHINCHA ALTA - ICA,dfsk,glory 330s,clw371,"65037","2023",china,,Vehículos livianos,En vivo,SANTADER CONSUMER
EQUIPOS MENORES VARIADOS,17146.89,USD,ANCON,,,,,,,,Equipos Menores,Sobre cerrado,Unna
FORD F150 -BXG930,19500.00,USD,COMISARÍA PUENTE PIEDRA-LIMA,ford,f150,bxg930,"18464","2023",china,,Vehículos livianos,En vivo,SANTADER CONSUMER
SUZUKI JIMMY -CKZ699,10170.00,USD,COMISARÍA TUCUMÉ-LAMBAYEQUE,suzuki,jimmy,ckz699,"1","2023",china,,Vehículos livianos,En vivo,SANTADER CONSUMER
VOLQUETES STTRACON,104000.00,USD,LURIN,VOLVO,FMX,AXD-804,,"2018",,,Maquinaria pesada,Sobre cerrado,Stracon
VOLQUETES STTRACON,123095.19,USD,LURIN,VOLVO,FMX,BBQ-750,,"2019",,,Maquinaria pesada,Dinámica,Stracon
TRACTOR VALTRA A950F,28888.00,USD,PARACAS,VALTRA ,A950F,V950641218,,"2022",,,Maquinaria liviana,Venta directa,ALIVO RENTING
TRACTOR VALTRA A950F,28888.00,USD,PARACAS,VALTRA ,A950F,V950643282,,"2022",,,Maquinaria liviana,Venta directa,ALIVO RENTING
HYUNDAI ACCENT -CAJ343,6300.00,USD,COMISARÍA SAN ANDRÉS-LIMA,hyundai,accent,caj343,"128463","2022",china,,Vehículos livianos,En vivo,SANTADER CONSUMER
VOLQUETE VOLVO FMX,104000.00,USD,LURIN,volvo,fmx,aww-855,"19000","2018",peru,,Maquinaria pesada,Venta directa,Stracon
SUZUKI DZIRE -BYG134,6120.00,USD,COMISARÍA CONDEVILLA EL SE?OR-SAN MARTIN DE PORRES,suzuki,dzire,byg134,"23661","2024",china,,Vehículos livianos,En vivo,SANTADER CONSUMER
CHERY ARRIZO 3 -P3R248,3780.00,USD,COMISARÍA SAN HILARION-PICOTA - SAN MARTIN,chery,arrizo 3,p3r248,"108300","2021",china,,Vehículos livianos,En vivo,SANTADER CONSUMER
Instrumentos de medición,0.00,PEN,LURIN,,,,,,,,Equipos Menores,Sobre cerrado,Stracon
GEELY GX3 -BZT288,5700.00,USD,COMISARÍA VILLA - CHORRILLOS,geely,gx3,bzt288,"49733","2022",china,,Vehículos livianos,En vivo,SANTADER CONSUMER
CHERY TIGGO 2 -CAT232,5700.00,USD,COMISARÍA TUPAC AMARU-COMAS,chery,tiggo 2,cat232,"92583","2022",china,,Vehículos livianos,En vivo,SANTADER CONSUMER
MITSUBISHI XPANDER -CDA60,8340.00,USD,COMISARÍA HUARAL-HUARAL,mitsubishi,xpander,cda605,"197607","2022",china,,Vehículos livianos,En vivo,SANTADER CONSUMER
HYUNDAI ACCENT -X5V290,6600.00,USD,COMISARÍA TAHUANTINSUYO-CUSCO,hyundai,accent,x5v290,"42627","2024",china,,Vehículos livianos,En vivo,SANTADER CONSUMER
KIA PICANTO -T7B459,5784.00,USD,COMISARÍA BUENOS AIRES-TRUJILLO,kia,picanto,t7b459,"59060","2023",china,,Vehículos livianos,En vivo,SANTADER CONSUMER
Chevrolet - Suburban,30694.44,USD,LIMA,chevrolet,suburban,bhl-678,"84385","2018",usa,,Vehículos livianos,Dinámica,Qroma
MOTO HONDA GL125 1415-ET,800.00,USD,TRUJILLO,honda,gl125,"1415-et","1","2022",japon,,Vehículos livianos,En vivo,CORPORACION MAXIMUS
RETROEXCAVADORA CAT,47200.00,USD,PACHACAMAC,CAT,"416E",,NO APLICA,"2013",,,Maquinaria pesada,Dinámica,CORPORACION J & T
HYUNDAI ACCENT -X5V290,8700.00,USD,COMISARÍA TAHUANTINSUYO - CUSCO,hyundai,accent,x5v290,"42627","2024",china,,Vehículos livianos,En vivo,SANTADER CONSUMER
TRACTOR VALTRA A950F,28888.00,USD,PARACAS,VALTRA ,A950F,V950632086,,"2022",,,Maquinaria liviana,Venta directa,ALIVO RENTING
SUZUKI DZIRE -BYG134,6000.00,USD,COMISARÍA CONDEVILLA EL SE?OR - SAN MARTIN DE PORRES,suzuki,dzire,byg134,"23661","2024",china,,Vehículos livianos,En vivo,SANTADER CONSUMER
FORLAND F190 DOBLE CABINA,8712.00,USD,COMISARÍA CESAR LLATA CASTRO-CIHICLAYO,forland,f190 doble cabina,m7z774,"103380","2024",china,,Vehículos livianos,En vivo,SANTADER CONSUMER
TRACTOR VALTRA A950F,28888.00,USD,PARACAS,VALTRA ,A950F,V950639149,,"2022",,,Maquinaria liviana,Venta directa,ALIVO RENTING
KIA SOLUTO -VBI471,5340.00,USD,COMISARÍA CIUDAD MI TRABAJO-AREQUIPA,kia,soluto,vbi471,"89128","2023",china,,Vehículos livianos,En vivo,SANTADER CONSUMER
MOTO HONDA GL125 1415-ET,1139.92,USD,TRUJILLO,honda,gl125,"1415-et","1","2022",japon,,Vehículos livianos,En vivo,CORPORACION MAXIMUS
MOTO HONDA GL125 1415-ET,1115.14,USD,TRUJILLO,honda,gl125,"1415-et","1","2022",japon,,Vehículos livianos,En vivo,CORPORACION MAXIMUS
MOTO HONDA GL125 1415-ET,1115.14,USD,TRUJILLO,honda,gl125,"1415-et","1","2022",japon,,Vehículos livianos,Sobre cerrado,CORPORACION MAXIMUS
MOTO HONDA GL125 1415-ET,1139.92,USD,TRUJILLO,honda,gl125,"1415-et","1","2022",japon,,Vehículos livianos,En vivo,CORPORACION MAXIMUS
FOTON K3 ASD943,9717.98,USD,Lima,foton,k3,asd943,"140199","2016",china,,Vehículos livianos,Venta directa,Cumbra
BMW X5 B0F143,4782.60,USD,cajamarquilla,bmw,x5,b0f143,"1","2008",alemania,true,Vehículos livianos,En vivo,PACIFICO SEGUROS
Equipos menores variados,43826.39,USD,ANCON,,,,,,,,Equipos Menores,Sobre cerrado,Unna
Chevrolet - Suburban,30695.00,USD,LIMA,chevrolet,suburban,bhl-678,"84385","2018",usa,,Vehículos livianos,Venta directa,Qroma
Rptos. para camiones y grúas varios,42016.06,PEN,Almacén Argentina - LIMA,,,,,,,false,Repuestos,Sobre cerrado,DP WORLD LOGISTICS
Rep. para contenedores Dry/RGT,23796.17,PEN,Almacén Argentina - LIMA,,,,,,,false,Repuestos,Sobre cerrado,DP WORLD LOGISTICS
Compresora y grupos electrogenos,0.00,PEN,LURIN,,,,,,,,Equipos Menores,Sobre cerrado,Stracon
KIA  SOLUTO -VBV647,6300.00,USD,COMISARÍA ICA-ICA,kia,soluto,vbv647,"51581","2023",china,,Vehículos livianos,En vivo,SANTADER CONSUMER
VOLQUETE SINOTRUK 6X4R,26084.21,USD,PACHACAMAC,SINOTRUK,ZZ3257N3847N1,,"223467","2012",,,Vehículos pesados,Dinámica,CORPORACION J & T
DFSK GLORY 560 -CHA522,6915.60,USD,COMISARÍA SOL DE ORO-LIMA,dfsk,glory 560,cha522,"1","2023",china,,Vehículos livianos,En vivo,SANTADER CONSUMER
DFSK GLORY -CDH548,6300.00,USD,COMISARÍA SANTA CLARA - PUNO,dfsk,glory,cdh548,"67851","2023",china,,Vehículos livianos,En vivo,SANTADER CONSUMER
FORLAND F190 DOBLE CABINA,5400.00,USD,COMISARÍA CESAR LLATA CASTRO - CHICLAYO,forland,f190 doble cabina,m7z774,"103380","2024",china,,Vehículos livianos,En vivo,SANTADER CONSUMER
CHERY TIGGO 8 -CJO338,8400.00,USD,COMISARÍA CRUZ BLANCA - HUAURA,chery,tiggo 8,cjo338,"1","2023",china,,Vehículos livianos,En vivo,SANTADER CONSUMER
